CustomerID,Tenure,MonthlyCharges,TotalCharges,Contract,PaymentMethod,PaperlessBilling,SeniorCitizen,Churn,PaperlessBilling_LE,Contract_OE,PM_Credit_Card,PM_Electronic_Check,CLV,ChargePerMonth,ChargeCategory,IsLongTerm,IsHighValue,MonthlyTotalRatio
C00001,6,64,1540,One year,Credit Card,No,1,0,0,1.0,1.0,0.0,384,220.0,1,0,0,0.04153147306943543
C00002,21,113,1753,Month-to-month,Electronic Check,Yes,1,0,1,0.0,0.0,1.0,2373,79.68181818181819,1,0,0,0.06442417331812998
C00003,27,31,1455,Two year,Credit Card,No,1,0,0,2.0,1.0,0.0,837,51.964285714285715,0,0,0,0.021291208791208792
C00004,53,29,7150,Month-to-month,Electronic Check,No,1,0,0,0.0,0.0,1.0,1537,132.40740740740742,0,1,0,0.004055376870367781
C00005,16,185,1023,One year,Electronic Check,No,1,0,0,1.0,0.0,1.0,2960,60.1764705882353,2,0,0,0.1806640625
C00006,55,44,7538,Two year,Electronic Check,No,0,0,0,2.0,0.0,1.0,2420,134.60714285714286,0,1,0,0.005836317814033692
C00007,66,99,4178,Two year,Bank Transfer,No,1,0,0,2.0,0.0,0.0,6534,62.35820895522388,1,1,1,0.023689877961234746
C00008,61,128,3088,Month-to-month,Bank Transfer,No,1,0,0,0.0,0.0,0.0,7808,49.806451612903224,2,1,1,0.041437358368404016
C00009,64,124,7973,Month-to-month,Credit Card,No,1,0,0,0.0,1.0,0.0,7936,122.66153846153846,2,1,1,0.015550539252570855
C00010,14,120,5844,One year,Bank Transfer,Yes,1,0,1,1.0,0.0,0.0,1680,389.6,1,0,0,0.020530367835757058
C00011,59,57,5168,One year,Credit Card,Yes,0,0,1,1.0,1.0,0.0,3363,86.13333333333334,0,1,0,0.011027278003482298
C00012,7,110,7282,Month-to-month,Electronic Check,No,1,1,0,0.0,0.0,1.0,770,910.25,1,0,0,0.01510366607167376
C00013,53,86,3438,Month-to-month,Bank Transfer,Yes,1,0,1,0.0,0.0,0.0,4558,63.666666666666664,1,1,0,0.02500726955510323
C00014,8,158,6194,Month-to-month,Credit Card,No,1,1,0,0.0,1.0,0.0,1264,688.2222222222222,2,0,0,0.025504439063761097
C00015,53,58,768,Month-to-month,Credit Card,Yes,1,0,1,0.0,1.0,0.0,3074,14.222222222222221,0,1,0,0.0754226267880364
C00016,65,77,4071,Month-to-month,Credit Card,Yes,1,0,1,0.0,1.0,0.0,5005,61.68181818181818,1,1,0,0.018909626719056976
C00017,19,187,4874,Two year,Credit Card,No,0,0,0,2.0,1.0,0.0,3553,243.7,2,0,0,0.03835897435897436
C00018,42,101,3736,One year,Bank Transfer,Yes,0,0,1,1.0,0.0,0.0,4242,86.88372093023256,1,1,0,0.02702702702702703
C00019,7,156,5389,One year,Bank Transfer,Yes,0,1,1,1.0,0.0,0.0,1092,673.625,2,0,0,0.02894248608534323
C00020,26,105,6868,Month-to-month,Bank Transfer,Yes,1,0,1,0.0,0.0,0.0,2730,254.37037037037038,1,0,0,0.015286067841024894
C00021,38,137,1000,Month-to-month,Electronic Check,No,1,0,0,0.0,0.0,1.0,5206,25.641025641025642,2,1,0,0.13686313686313686
C00022,25,120,4855,Two year,Credit Card,Yes,0,0,1,2.0,1.0,0.0,3000,186.73076923076923,1,0,0,0.02471169686985173
C00023,60,40,1755,One year,Credit Card,No,1,0,0,1.0,1.0,0.0,2400,28.770491803278688,0,1,0,0.022779043280182234
C00024,30,100,3710,Two year,Credit Card,No,1,0,0,2.0,1.0,0.0,3000,119.6774193548387,1,0,0,0.026946914578280787
C00025,25,193,7565,Month-to-month,Bank Transfer,No,0,0,0,0.0,0.0,0.0,4825,290.96153846153845,2,0,0,0.025508855405762622
C00026,47,181,3295,One year,Credit Card,No,1,0,0,1.0,1.0,0.0,8507,68.64583333333333,2,1,1,0.054915048543689324
C00027,60,101,3741,Month-to-month,Bank Transfer,No,1,0,0,0.0,0.0,0.0,6060,61.32786885245902,1,1,1,0.026990913949759488
C00028,20,56,3950,One year,Bank Transfer,No,1,0,0,1.0,0.0,0.0,1120,188.0952380952381,0,0,0,0.014173626929891167
C00029,36,175,3682,One year,Bank Transfer,No,0,0,0,1.0,0.0,0.0,6300,99.51351351351352,2,0,1,0.047515612272603855
C00030,34,190,7540,One year,Bank Transfer,No,1,0,0,1.0,0.0,0.0,6460,215.42857142857142,2,0,1,0.025195597400875215
C00031,28,101,4643,One year,Electronic Check,Yes,1,0,1,1.0,0.0,1.0,2828,160.10344827586206,1,0,0,0.021748492678725237
C00032,10,196,4825,Month-to-month,Credit Card,Yes,0,1,1,0.0,1.0,0.0,1960,438.6363636363636,2,0,0,0.04061334438458351
C00033,43,182,7129,One year,Electronic Check,Yes,0,0,1,1.0,0.0,1.0,7826,162.02272727272728,2,1,1,0.025525946704067323
C00034,32,195,7139,One year,Bank Transfer,Yes,1,0,1,1.0,0.0,0.0,6240,216.33333333333334,2,0,1,0.0273109243697479
C00035,60,44,1302,One year,Credit Card,No,1,0,0,1.0,1.0,0.0,2640,21.34426229508197,0,1,0,0.03376822716807368
C00036,50,116,690,Month-to-month,Credit Card,No,1,0,0,0.0,1.0,0.0,5800,13.529411764705882,1,1,0,0.1678726483357453
C00037,37,42,947,Month-to-month,Electronic Check,No,0,0,0,0.0,0.0,1.0,1554,24.92105263157895,0,0,0,0.04430379746835443
C00038,62,166,6225,Two year,Electronic Check,Yes,1,0,1,2.0,0.0,1.0,10292,98.80952380952381,2,1,1,0.026662383552842915
C00039,50,84,858,Month-to-month,Credit Card,No,0,0,0,0.0,1.0,0.0,4200,16.823529411764707,1,1,0,0.09778812572759023
C00040,26,151,1952,Two year,Electronic Check,No,0,0,0,2.0,0.0,1.0,3926,72.29629629629629,2,0,0,0.07731694828469023
C00041,42,20,1950,Two year,Credit Card,Yes,1,0,1,2.0,1.0,0.0,840,45.348837209302324,0,1,0,0.010251153254741158
C00042,7,148,2701,Two year,Credit Card,Yes,0,0,1,2.0,1.0,0.0,1036,337.625,2,0,0,0.05477424130273871
C00043,63,89,6547,One year,Electronic Check,Yes,0,0,1,1.0,0.0,1.0,5607,102.296875,1,1,0,0.013591936469150885
C00044,42,123,3913,Month-to-month,Credit Card,No,1,0,0,0.0,1.0,0.0,5166,91.0,2,1,0,0.0314256515074093
C00045,34,93,3344,Two year,Credit Card,Yes,0,0,1,2.0,1.0,0.0,3162,95.54285714285714,1,0,0,0.02780269058295964
C00046,32,170,4773,Two year,Credit Card,No,1,0,0,2.0,1.0,0.0,5440,144.63636363636363,2,0,0,0.035609551738583996
C00047,22,46,7555,Month-to-month,Bank Transfer,No,1,0,0,0.0,0.0,0.0,1012,328.4782608695652,0,0,0,0.006087877183695077
C00048,37,162,3735,Month-to-month,Electronic Check,Yes,1,0,1,0.0,0.0,1.0,5994,98.28947368421052,2,0,0,0.04336188436830835
C00049,56,49,3376,Month-to-month,Bank Transfer,No,0,0,0,0.0,0.0,0.0,2744,59.228070175438596,0,1,0,0.01450992004737933
C00050,49,121,5161,One year,Bank Transfer,Yes,0,0,1,1.0,0.0,0.0,5929,103.22,2,1,0,0.023440526927547462
C00051,71,172,416,Month-to-month,Electronic Check,No,1,0,0,0.0,0.0,1.0,12212,5.777777777777778,2,1,1,0.41247002398081534
C00052,31,154,7537,Two year,Credit Card,Yes,1,0,1,2.0,1.0,0.0,4774,235.53125,2,0,0,0.02042982223401433
C00053,53,48,1497,One year,Credit Card,No,0,0,0,1.0,1.0,0.0,2544,27.72222222222222,0,1,0,0.03204272363150868
C00054,49,68,2615,Month-to-month,Bank Transfer,Yes,1,0,1,0.0,0.0,0.0,3332,52.3,1,1,0,0.02599388379204893
C00055,9,157,7022,Month-to-month,Bank Transfer,No,0,1,0,0.0,0.0,0.0,1413,702.2,2,0,0,0.022355118895059093
C00056,47,54,6827,Two year,Bank Transfer,Yes,0,0,1,2.0,0.0,0.0,2538,142.22916666666666,0,1,0,0.007908611599297012
C00057,58,121,3537,One year,Credit Card,No,1,0,0,1.0,1.0,0.0,7018,59.94915254237288,2,1,1,0.034200113058224985
C00058,59,72,7053,Month-to-month,Bank Transfer,Yes,0,0,1,0.0,0.0,0.0,4248,117.55,1,1,0,0.010206974766090162
C00059,36,38,3792,One year,Bank Transfer,Yes,1,0,1,1.0,0.0,0.0,1368,102.48648648648648,0,0,0,0.010018455048774057
C00060,26,182,7074,Month-to-month,Credit Card,No,0,0,0,0.0,1.0,0.0,4732,262.0,2,0,0,0.025724381625441696
C00061,23,187,5608,Month-to-month,Electronic Check,No,1,0,0,0.0,0.0,1.0,4301,233.66666666666666,2,0,0,0.033339276163308965
C00062,10,195,4284,Two year,Electronic Check,No,0,1,0,2.0,0.0,1.0,1950,389.45454545454544,2,0,0,0.045507584597432905
C00063,53,128,5803,One year,Bank Transfer,No,0,0,0,1.0,0.0,0.0,6784,107.46296296296296,2,1,1,0.022053756030323914
C00064,25,176,4496,One year,Bank Transfer,No,1,0,0,1.0,0.0,0.0,4400,172.92307692307693,2,0,0,0.039137202579497446
C00065,65,180,4142,One year,Credit Card,Yes,0,0,1,1.0,1.0,0.0,11700,62.75757575757576,2,1,1,0.04344677769732078
C00066,3,140,2541,One year,Electronic Check,No,1,0,0,1.0,0.0,1.0,420,635.25,2,0,0,0.05507474429583006
C00067,53,61,3631,One year,Bank Transfer,No,0,0,0,1.0,0.0,0.0,3233,67.24074074074075,1,1,0,0.016795154185022025
C00068,62,62,3016,Two year,Credit Card,Yes,0,0,1,2.0,1.0,0.0,3844,47.87301587301587,1,1,0,0.020550215445807093
C00069,2,102,1333,Two year,Credit Card,Yes,0,1,1,2.0,1.0,0.0,204,444.3333333333333,1,0,0,0.07646176911544228
C00070,53,21,6828,One year,Credit Card,No,0,0,0,1.0,1.0,0.0,1113,126.44444444444444,0,1,0,0.0030751208083174696
C00071,69,153,1418,Month-to-month,Electronic Check,No,0,0,0,0.0,0.0,1.0,10557,20.257142857142856,2,1,1,0.10782241014799154
C00072,68,153,1930,One year,Electronic Check,Yes,0,0,1,1.0,0.0,1.0,10404,27.971014492753625,2,1,1,0.07923355774210254
C00073,13,125,3696,Two year,Credit Card,No,1,0,0,2.0,1.0,0.0,1625,264.0,2,0,0,0.03381119826886665
C00074,2,152,2038,Month-to-month,Bank Transfer,No,0,1,0,0.0,0.0,0.0,304,679.3333333333334,2,0,0,0.07454634624816087
C00075,70,77,7593,Two year,Electronic Check,Yes,0,0,1,2.0,0.0,1.0,5390,106.94366197183099,1,1,0,0.010139583882012115
C00076,35,170,936,One year,Bank Transfer,Yes,0,0,1,1.0,0.0,0.0,5950,26.0,2,0,0,0.1814300960512273
C00077,4,43,7302,Month-to-month,Credit Card,Yes,0,1,1,0.0,1.0,0.0,172,1460.4,0,0,0,0.0058879912364781595
C00078,41,109,7937,Two year,Bank Transfer,Yes,1,0,1,2.0,0.0,0.0,4469,188.97619047619048,1,1,0,0.013731418493323256
C00079,8,95,3792,One year,Bank Transfer,Yes,1,0,1,1.0,0.0,0.0,760,421.3333333333333,1,0,0,0.025046137621935145
C00080,47,138,6406,Two year,Credit Card,Yes,0,0,1,2.0,1.0,0.0,6486,133.45833333333334,2,1,1,0.02153894178242547
C00081,35,139,5211,Two year,Bank Transfer,No,0,0,0,2.0,0.0,0.0,4865,144.75,2,0,0,0.026669224865694553
C00082,30,162,3917,One year,Credit Card,No,0,0,0,1.0,1.0,0.0,4860,126.35483870967742,2,0,0,0.04134762633996937
C00083,27,142,1908,Two year,Bank Transfer,No,1,0,0,2.0,0.0,0.0,3834,68.14285714285714,2,0,0,0.07438449449973808
C00084,50,141,4412,Month-to-month,Credit Card,No,0,0,0,0.0,1.0,0.0,7050,86.50980392156863,2,1,1,0.03195105370496261
C00085,51,136,4725,Two year,Bank Transfer,Yes,1,0,1,2.0,0.0,0.0,6936,90.86538461538461,2,1,1,0.02877697841726619
C00086,63,29,7685,Two year,Credit Card,Yes,1,0,1,2.0,1.0,0.0,1827,120.078125,0,1,0,0.0037730939370283633
C00087,43,103,2856,One year,Electronic Check,No,1,0,0,1.0,0.0,1.0,4429,64.9090909090909,1,1,0,0.03605180259012951
C00088,40,108,2650,One year,Electronic Check,No,1,0,0,1.0,0.0,1.0,4320,64.63414634146342,1,1,0,0.04073934364390796
C00089,41,177,4075,One year,Bank Transfer,Yes,0,0,1,1.0,0.0,0.0,7257,97.02380952380952,2,1,1,0.04342492639842983
C00090,21,126,7735,One year,Credit Card,Yes,0,0,1,1.0,1.0,0.0,2646,351.59090909090907,2,0,0,0.01628748707342296
C00091,3,188,2422,Two year,Credit Card,No,1,0,0,2.0,1.0,0.0,564,605.5,2,0,0,0.07758976475443664
C00092,42,122,1294,Two year,Bank Transfer,No,0,0,0,2.0,0.0,0.0,5124,30.093023255813954,2,1,0,0.09420849420849421
C00093,18,29,7469,Month-to-month,Electronic Check,Yes,0,0,1,0.0,0.0,1.0,522,393.10526315789474,0,0,0,0.0038821954484605085
C00094,55,193,4344,Two year,Bank Transfer,No,1,0,0,2.0,0.0,0.0,10615,77.57142857142857,2,1,1,0.04441887226697353
C00095,21,140,3171,One year,Electronic Check,No,1,0,0,1.0,0.0,1.0,2940,144.13636363636363,2,0,0,0.044136191677175286
C00096,20,150,1780,Month-to-month,Electronic Check,Yes,0,0,1,0.0,0.0,1.0,3000,84.76190476190476,2,0,0,0.08422234699606962
C00097,15,40,510,Month-to-month,Bank Transfer,No,0,0,0,0.0,0.0,0.0,600,31.875,0,0,0,0.07827788649706457
C00098,42,172,1168,Month-to-month,Bank Transfer,No,1,0,0,0.0,0.0,0.0,7224,27.162790697674417,2,1,1,0.14713430282292558
C00099,10,143,3353,Two year,Electronic Check,No,1,1,0,2.0,0.0,1.0,1430,304.8181818181818,2,0,0,0.04263565891472868
C00100,39,84,7566,One year,Electronic Check,No,1,0,0,1.0,0.0,1.0,3276,189.15,1,1,0,0.011100832562442183
C00101,66,170,1059,Month-to-month,Electronic Check,No,1,0,0,0.0,0.0,1.0,11220,15.805970149253731,2,1,1,0.16037735849056603
C00102,50,130,1087,One year,Electronic Check,Yes,1,0,1,1.0,0.0,1.0,6500,21.313725490196077,2,1,1,0.11948529411764706
C00103,44,78,6369,One year,Bank Transfer,Yes,1,0,1,1.0,0.0,0.0,3432,141.53333333333333,1,1,0,0.012244897959183673
C00104,7,39,6651,One year,Electronic Check,Yes,1,0,1,1.0,0.0,1.0,273,831.375,0,0,0,0.005862898376428142
C00105,3,115,5547,Two year,Bank Transfer,No,0,1,0,2.0,0.0,0.0,345,1386.75,1,0,0,0.02072819033886085
C00106,21,75,7026,Two year,Bank Transfer,Yes,1,0,1,2.0,0.0,0.0,1575,319.3636363636364,1,0,0,0.010673117973530667
C00107,3,59,7111,Month-to-month,Credit Card,Yes,1,1,1,0.0,1.0,0.0,177,1777.75,0,0,0,0.008295838020247468
C00108,18,56,7925,One year,Electronic Check,No,0,0,0,1.0,0.0,1.0,1008,417.10526315789474,0,0,0,0.0070653545293969215
C00109,48,152,4042,One year,Electronic Check,Yes,1,0,1,1.0,0.0,1.0,7296,82.48979591836735,2,1,1,0.037595844669799657
C00110,32,24,2939,Two year,Electronic Check,Yes,1,0,1,2.0,0.0,1.0,768,89.06060606060606,0,0,0,0.00816326530612245
C00111,41,88,3461,One year,Bank Transfer,Yes,1,0,1,1.0,0.0,0.0,3608,82.4047619047619,1,1,0,0.025418833044482957
C00112,55,87,3353,Two year,Credit Card,No,1,0,0,2.0,1.0,0.0,4785,59.875,1,1,0,0.0259391771019678
C00113,15,102,1746,Month-to-month,Credit Card,No,1,0,0,0.0,1.0,0.0,1530,109.125,1,0,0,0.05838580423583286
C00114,31,111,2539,Month-to-month,Credit Card,No,0,0,0,0.0,1.0,0.0,3441,79.34375,1,0,0,0.043700787401574806
C00115,33,160,2315,One year,Bank Transfer,No,0,0,0,1.0,0.0,0.0,5280,68.08823529411765,2,0,0,0.0690846286701209
C00116,70,164,5320,One year,Credit Card,No,0,0,0,1.0,1.0,0.0,11480,74.92957746478874,2,1,1,0.03082127419657959
C00117,14,187,2225,Two year,Electronic Check,Yes,0,0,1,2.0,0.0,1.0,2618,148.33333333333334,2,0,0,0.08400718778077268
C00118,35,98,4023,Two year,Bank Transfer,Yes,0,0,1,2.0,0.0,0.0,3430,111.75,1,0,0,0.024353876739562623
C00119,56,83,562,Month-to-month,Bank Transfer,Yes,0,0,1,0.0,0.0,0.0,4648,9.859649122807017,1,1,0,0.14742451154529307
C00120,62,75,2451,One year,Credit Card,No,0,0,0,1.0,1.0,0.0,4650,38.904761904761905,1,1,0,0.030587275693311582
C00121,30,107,6906,One year,Credit Card,Yes,1,0,1,1.0,1.0,0.0,3210,222.7741935483871,1,0,0,0.015491530331547706
C00122,15,147,2687,One year,Electronic Check,No,0,0,0,1.0,0.0,1.0,2205,167.9375,2,0,0,0.0546875
C00123,41,114,2419,Two year,Bank Transfer,No,1,0,0,2.0,0.0,0.0,4674,57.595238095238095,1,1,0,0.047107438016528926
C00124,27,50,2751,Two year,Electronic Check,Yes,1,0,1,2.0,0.0,1.0,1350,98.25,0,0,0,0.018168604651162792
C00125,4,177,950,Month-to-month,Credit Card,Yes,0,1,1,0.0,1.0,0.0,708,190.0,2,0,0,0.1861198738170347
C00126,62,183,7208,Two year,Electronic Check,Yes,1,0,1,2.0,0.0,1.0,11346,114.41269841269842,2,1,1,0.025384935497295046
C00127,31,62,5887,One year,Bank Transfer,No,1,0,0,1.0,0.0,0.0,1922,183.96875,1,0,0,0.010529891304347826
C00128,13,137,7128,One year,Bank Transfer,Yes,0,0,1,1.0,0.0,0.0,1781,509.14285714285717,2,0,0,0.019217281526160753
C00129,20,179,2692,Month-to-month,Bank Transfer,Yes,1,0,1,0.0,0.0,0.0,3580,128.1904761904762,2,0,0,0.06646862235425176
C00130,8,174,3979,Two year,Credit Card,Yes,0,1,1,2.0,1.0,0.0,1392,442.1111111111111,2,0,0,0.043718592964824124
C00131,2,125,7858,Month-to-month,Electronic Check,No,1,1,0,0.0,0.0,1.0,250,2619.3333333333335,2,0,0,0.015905331467107774
C00132,3,79,891,Month-to-month,Credit Card,No,1,1,0,0.0,1.0,0.0,237,222.75,1,0,0,0.08856502242152467
C00133,48,92,5908,Two year,Bank Transfer,Yes,0,0,1,2.0,0.0,0.0,4416,120.57142857142857,1,1,0,0.01556947029954307
C00134,15,28,6569,Month-to-month,Credit Card,No,1,0,0,0.0,1.0,0.0,420,410.5625,0,0,0,0.00426179604261796
C00135,64,101,5706,Month-to-month,Bank Transfer,Yes,1,0,1,0.0,0.0,0.0,6464,87.78461538461538,1,1,1,0.01769756439460312
C00136,52,152,4318,Two year,Bank Transfer,Yes,0,0,1,2.0,0.0,0.0,7904,81.47169811320755,2,1,1,0.03519333178976615
C00137,10,134,4476,Month-to-month,Electronic Check,No,0,1,0,0.0,0.0,1.0,1340,406.90909090909093,2,0,0,0.029930757203484475
C00138,30,188,4095,Two year,Electronic Check,Yes,0,0,1,2.0,0.0,1.0,5640,132.09677419354838,2,0,0,0.0458984375
C00139,27,67,3567,Month-to-month,Credit Card,Yes,1,0,1,0.0,1.0,0.0,1809,127.39285714285714,1,0,0,0.018778026905829595
C00140,2,184,5021,One year,Electronic Check,Yes,1,1,1,1.0,0.0,1.0,368,1673.6666666666667,2,0,0,0.03663878932696137
C00141,46,112,6817,Two year,Electronic Check,No,0,0,0,2.0,0.0,1.0,5152,145.04255319148936,1,1,0,0.01642710472279261
C00142,11,115,1713,Two year,Bank Transfer,Yes,1,1,1,2.0,0.0,0.0,1265,142.75,1,0,0,0.06709451575262544
C00143,64,167,3677,Month-to-month,Bank Transfer,No,0,0,0,0.0,0.0,0.0,10688,56.56923076923077,2,1,1,0.04540511147362697
C00144,65,47,5540,One year,Bank Transfer,Yes,1,0,1,1.0,0.0,0.0,3055,83.93939393939394,0,1,0,0.008482223425374481
C00145,21,173,7651,Two year,Bank Transfer,Yes,0,0,1,2.0,0.0,0.0,3633,347.77272727272725,2,0,0,0.022608468374281234
C00146,29,42,2058,One year,Credit Card,No,1,0,0,1.0,1.0,0.0,1218,68.6,0,0,0,0.020398251578436135
C00147,6,133,7448,One year,Credit Card,No,0,1,0,1.0,1.0,0.0,798,1064.0,2,0,0,0.0178547456034367
C00148,34,24,2004,Two year,Bank Transfer,Yes,1,0,1,2.0,0.0,0.0,816,57.25714285714286,0,0,0,0.011970074812967581
C00149,20,114,1250,One year,Bank Transfer,Yes,0,0,1,1.0,0.0,0.0,2280,59.523809523809526,1,0,0,0.09112709832134293
C00150,42,132,3139,Month-to-month,Electronic Check,No,0,0,0,0.0,0.0,1.0,5544,73.0,2,1,0,0.04203821656050955
C00151,5,105,5965,One year,Credit Card,No,0,1,0,1.0,1.0,0.0,525,994.1666666666666,1,0,0,0.01759973181361046
C00152,45,139,7654,Month-to-month,Credit Card,No,1,0,0,0.0,1.0,0.0,6255,166.3913043478261,2,1,1,0.01815806662312214
C00153,21,156,6366,Two year,Electronic Check,No,0,0,0,2.0,0.0,1.0,3276,289.3636363636364,2,0,0,0.02450133500863829
C00154,37,158,3355,Two year,Electronic Check,No,0,0,0,2.0,0.0,1.0,5846,88.28947368421052,2,0,0,0.04707985697258641
C00155,68,40,5920,Month-to-month,Bank Transfer,Yes,1,0,1,0.0,0.0,0.0,2720,85.79710144927536,0,1,0,0.006755615605472049
C00156,26,148,4601,One year,Bank Transfer,Yes,0,0,1,1.0,0.0,0.0,3848,170.40740740740742,2,0,0,0.03215993046501521
C00157,26,78,5632,Two year,Electronic Check,Yes,1,0,1,2.0,0.0,1.0,2028,208.59259259259258,1,0,0,0.0138469731936801
C00158,1,86,7217,Two year,Bank Transfer,Yes,0,0,1,2.0,0.0,0.0,86,3608.5,1,0,0,0.011914657799944583
C00159,47,182,3250,One year,Electronic Check,No,1,0,0,1.0,0.0,1.0,8554,67.70833333333333,2,1,1,0.05598277453091356
C00160,30,154,4096,One year,Bank Transfer,Yes,0,0,1,1.0,0.0,0.0,4620,132.1290322580645,2,0,0,0.03758847937515255
C00161,51,78,984,Month-to-month,Electronic Check,Yes,1,0,1,0.0,0.0,1.0,3978,18.923076923076923,1,1,0,0.07918781725888324
C00162,13,90,347,One year,Electronic Check,Yes,0,0,1,1.0,0.0,1.0,1170,24.785714285714285,1,0,0,0.25862068965517243
C00163,64,185,3916,One year,Credit Card,Yes,1,0,1,1.0,1.0,0.0,11840,60.246153846153845,2,1,1,0.047230022976767934
C00164,60,171,220,Month-to-month,Credit Card,No,1,0,0,0.0,1.0,0.0,10260,3.6065573770491803,2,1,1,0.7737556561085973
C00165,69,48,3419,One year,Bank Transfer,Yes,1,0,1,1.0,0.0,0.0,3312,48.84285714285714,0,1,0,0.014035087719298246
C00166,40,105,791,One year,Credit Card,Yes,0,0,1,1.0,1.0,0.0,4200,19.29268292682927,1,1,0,0.13257575757575757
C00167,23,110,6723,Two year,Bank Transfer,Yes,1,0,1,2.0,0.0,0.0,2530,280.125,1,0,0,0.01635930993456276
C00168,42,80,5832,One year,Electronic Check,No,1,0,0,1.0,0.0,1.0,3360,135.62790697674419,1,1,0,0.013715069432539003
C00169,13,99,2938,Month-to-month,Credit Card,No,0,0,0,0.0,1.0,0.0,1287,209.85714285714286,1,0,0,0.033684926845865944
C00170,24,84,6882,One year,Credit Card,Yes,0,0,1,1.0,1.0,0.0,2016,275.28,1,0,0,0.01220398082231585
C00171,22,61,5363,Two year,Bank Transfer,Yes,1,0,1,2.0,0.0,0.0,1342,233.17391304347825,1,0,0,0.011372110365398955
C00172,10,115,3717,One year,Electronic Check,Yes,0,1,1,1.0,0.0,1.0,1150,337.90909090909093,1,0,0,0.030930607853684778
C00173,62,160,1811,Month-to-month,Credit Card,Yes,1,0,1,0.0,1.0,0.0,9920,28.746031746031747,2,1,1,0.08830022075055188
C00174,5,145,1090,Month-to-month,Credit Card,No,1,1,0,0.0,1.0,0.0,725,181.66666666666666,2,0,0,0.13290559120073328
C00175,20,76,6396,Two year,Credit Card,Yes,1,0,1,2.0,1.0,0.0,1520,304.57142857142856,1,0,0,0.011880569016726591
C00176,68,67,1797,Two year,Electronic Check,No,1,0,0,2.0,0.0,1.0,4556,26.043478260869566,1,1,0,0.03726362625139043
C00177,42,50,279,One year,Electronic Check,No,0,0,0,1.0,0.0,1.0,2100,6.488372093023256,0,1,0,0.17857142857142858
C00178,3,180,3232,One year,Bank Transfer,No,0,0,0,1.0,0.0,0.0,540,808.0,2,0,0,0.05567584287039901
C00179,68,193,3285,One year,Credit Card,No,0,0,0,1.0,1.0,0.0,13124,47.608695652173914,2,1,1,0.058734023128423615
C00180,52,39,3233,Two year,Credit Card,Yes,1,0,1,2.0,1.0,0.0,2028,61.0,0,1,0,0.012059369202226345
C00181,4,135,4742,Month-to-month,Credit Card,No,1,1,0,0.0,1.0,0.0,540,948.4,2,0,0,0.028462998102466792
C00182,13,64,4297,Month-to-month,Bank Transfer,Yes,1,0,1,0.0,0.0,0.0,832,306.92857142857144,1,0,0,0.014890646812470917
C00183,56,151,735,Two year,Credit Card,Yes,1,0,1,2.0,1.0,0.0,8456,12.894736842105264,2,1,1,0.20516304347826086
C00184,61,29,2290,One year,Credit Card,Yes,0,0,1,1.0,1.0,0.0,1769,36.935483870967744,0,1,0,0.012658227848101266
C00185,47,130,2289,Month-to-month,Bank Transfer,Yes,0,0,1,0.0,0.0,0.0,6110,47.6875,2,1,1,0.056768558951965066
C00186,59,93,7342,Month-to-month,Bank Transfer,No,0,0,0,0.0,0.0,0.0,5487,122.36666666666666,1,1,0,0.012665123246629443
C00187,47,199,6905,Two year,Electronic Check,Yes,1,0,1,2.0,0.0,1.0,9353,143.85416666666666,2,1,1,0.02881552273385462
C00188,49,163,3776,One year,Bank Transfer,No,0,0,0,1.0,0.0,0.0,7987,75.52,2,1,1,0.04315594387079693
C00189,31,100,4971,One year,Electronic Check,Yes,0,0,1,1.0,0.0,1.0,3100,155.34375,1,0,0,0.02011263073209976
C00190,52,185,7330,Two year,Credit Card,Yes,0,0,1,2.0,1.0,0.0,9620,138.30188679245282,2,1,1,0.025235302141590508
C00191,46,51,466,One year,Bank Transfer,Yes,0,0,1,1.0,0.0,0.0,2346,9.914893617021276,0,1,0,0.10920770877944326
C00192,43,31,7992,Month-to-month,Credit Card,No,0,0,0,0.0,1.0,0.0,1333,181.63636363636363,0,1,0,0.0038783935943950956
C00193,65,158,3712,One year,Credit Card,No,0,0,0,1.0,1.0,0.0,10270,56.24242424242424,2,1,1,0.0425531914893617
C00194,71,138,6231,Month-to-month,Electronic Check,No,0,0,0,0.0,0.0,1.0,9798,86.54166666666667,2,1,1,0.022143774069319642
C00195,27,121,4317,One year,Bank Transfer,No,0,0,0,1.0,0.0,0.0,3267,154.17857142857142,2,0,0,0.028022232515053265
C00196,30,133,3029,Month-to-month,Credit Card,Yes,1,0,1,0.0,1.0,0.0,3990,97.70967741935483,2,0,0,0.043894389438943894
C00197,37,152,2750,One year,Credit Card,No,0,0,0,1.0,1.0,0.0,5624,72.36842105263158,2,0,0,0.055252635405307164
C00198,37,34,6987,Month-to-month,Electronic Check,No,1,0,0,0.0,0.0,1.0,1258,183.8684210526316,0,0,0,0.004865483686319404
C00199,3,63,1535,Two year,Electronic Check,No,0,0,0,2.0,0.0,1.0,189,383.75,1,0,0,0.041015625
C00200,42,143,7310,One year,Electronic Check,Yes,0,0,1,1.0,0.0,1.0,6006,170.0,2,1,0,0.01955956777458624
C00201,50,170,3185,Two year,Electronic Check,No,0,0,0,2.0,0.0,1.0,8500,62.450980392156865,2,1,1,0.053358443188951665
C00202,50,169,159,One year,Bank Transfer,No,0,0,0,1.0,0.0,0.0,8450,3.1176470588235294,2,1,1,1.05625
C00203,29,189,5035,One year,Credit Card,Yes,1,0,1,1.0,1.0,0.0,5481,167.83333333333334,2,0,0,0.03752978554408261
C00204,15,55,5421,Two year,Credit Card,No,0,0,0,2.0,1.0,0.0,825,338.8125,0,0,0,0.01014385835485061
C00205,69,40,3396,Month-to-month,Credit Card,Yes,0,0,1,0.0,1.0,0.0,2760,48.51428571428571,0,1,0,0.011775095672652341
C00206,69,94,5765,Month-to-month,Electronic Check,Yes,0,0,1,0.0,0.0,1.0,6486,82.35714285714286,1,1,1,0.016302462712452306
C00207,57,32,4351,One year,Bank Transfer,No,0,0,0,1.0,0.0,0.0,1824,75.01724137931035,0,1,0,0.007352941176470588
C00208,70,171,4801,Month-to-month,Electronic Check,No,0,0,0,0.0,0.0,1.0,11970,67.61971830985915,2,1,1,0.03561016243231987
C00209,46,199,4023,Month-to-month,Electronic Check,Yes,0,0,1,0.0,0.0,1.0,9154,85.59574468085107,2,1,1,0.04945328031809145
C00210,65,82,7742,Two year,Credit Card,Yes,0,0,1,2.0,1.0,0.0,5330,117.3030303030303,1,1,0,0.010590210512721167
C00211,65,113,2956,Month-to-month,Credit Card,Yes,0,0,1,0.0,1.0,0.0,7345,44.78787878787879,1,1,1,0.038214406493067295
C00212,51,160,4278,Two year,Credit Card,No,1,0,0,2.0,1.0,0.0,8160,82.26923076923077,2,1,1,0.0373919139985978
C00213,44,59,1893,Month-to-month,Credit Card,Yes,0,0,1,0.0,1.0,0.0,2596,42.06666666666667,0,1,0,0.031151003167898626
C00214,7,142,3099,Month-to-month,Bank Transfer,No,1,1,0,0.0,0.0,0.0,994,387.375,2,0,0,0.045806451612903226
C00215,59,29,1393,One year,Electronic Check,Yes,0,0,1,1.0,0.0,1.0,1711,23.216666666666665,0,1,0,0.02080344332855093
C00216,8,102,2161,One year,Bank Transfer,Yes,1,0,1,1.0,0.0,0.0,816,240.11111111111111,1,0,0,0.04717853839037928
C00217,10,152,5250,Month-to-month,Credit Card,Yes,1,1,1,0.0,1.0,0.0,1520,477.27272727272725,2,0,0,0.028946867263378404
C00218,67,182,6193,Two year,Bank Transfer,Yes,0,0,1,2.0,0.0,0.0,12194,91.07352941176471,2,1,1,0.0293832741362609
C00219,45,177,3091,One year,Bank Transfer,No,0,0,0,1.0,0.0,0.0,7965,67.19565217391305,2,1,1,0.05724450194049159
C00220,33,198,2226,Two year,Bank Transfer,Yes,0,0,1,2.0,0.0,0.0,6534,65.47058823529412,2,0,1,0.08890884598114054
C00221,57,118,5412,Two year,Credit Card,No,1,0,0,2.0,1.0,0.0,6726,93.3103448275862,1,1,1,0.02179937188250508
C00222,67,37,1247,Month-to-month,Credit Card,No,1,0,0,0.0,1.0,0.0,2479,18.33823529411765,0,1,0,0.029647435897435896
C00223,31,70,1256,Month-to-month,Credit Card,No,0,0,0,0.0,1.0,0.0,2170,39.25,1,0,0,0.05568814638027048
C00224,19,43,6118,One year,Electronic Check,Yes,0,0,1,1.0,0.0,1.0,817,305.9,0,0,0,0.0070272920411832
C00225,40,156,7024,One year,Electronic Check,No,0,0,0,1.0,0.0,1.0,6240,171.3170731707317,2,1,1,0.022206405693950177
C00226,24,142,7012,One year,Credit Card,Yes,0,0,1,1.0,1.0,0.0,3408,280.48,2,0,0,0.02024811065164694
C00227,57,123,5830,Month-to-month,Bank Transfer,Yes,0,0,1,0.0,0.0,0.0,7011,100.51724137931035,2,1,1,0.021094151946492883
C00228,53,183,4023,Two year,Electronic Check,Yes,1,0,1,2.0,0.0,1.0,9699,74.5,2,1,1,0.04547713717693837
C00229,24,32,1635,One year,Bank Transfer,No,1,0,0,1.0,0.0,0.0,768,65.4,0,0,0,0.019559902200488997
C00230,32,149,5477,Two year,Bank Transfer,No,1,0,0,2.0,0.0,0.0,4768,165.96969696969697,2,0,0,0.02719970792259949
C00231,33,99,3225,One year,Credit Card,No,1,0,0,1.0,1.0,0.0,3267,94.8529411764706,1,0,0,0.03068815871047737
C00232,20,151,2681,One year,Credit Card,No,1,0,0,1.0,1.0,0.0,3020,127.66666666666667,2,0,0,0.05630126771066368
C00233,12,52,7459,Two year,Electronic Check,No,0,0,0,2.0,0.0,1.0,624,573.7692307692307,0,0,0,0.006970509383378016
C00234,61,24,217,One year,Electronic Check,No,1,0,0,1.0,0.0,1.0,1464,3.5,0,1,0,0.11009174311926606
C00235,65,94,7183,One year,Bank Transfer,No,1,0,0,1.0,0.0,0.0,6110,108.83333333333333,1,1,1,0.013084632516703786
C00236,13,115,6305,Two year,Credit Card,No,1,0,0,2.0,1.0,0.0,1495,450.35714285714283,1,0,0,0.01823660006343165
C00237,61,51,810,One year,Bank Transfer,No,0,0,0,1.0,0.0,0.0,3111,13.064516129032258,0,1,0,0.06288532675709001
C00238,33,151,6705,Month-to-month,Bank Transfer,No,1,0,0,0.0,0.0,0.0,4983,197.2058823529412,2,0,0,0.02251714882195049
C00239,21,138,6404,Two year,Credit Card,Yes,1,0,1,2.0,1.0,0.0,2898,291.09090909090907,2,0,0,0.021545667447306793
C00240,56,108,6378,Two year,Bank Transfer,Yes,1,0,1,2.0,0.0,0.0,6048,111.89473684210526,1,1,1,0.016930553378272456
C00241,69,121,7669,One year,Electronic Check,Yes,0,0,1,1.0,0.0,1.0,8349,109.55714285714286,2,1,1,0.01577574967405476
C00242,16,196,7704,Two year,Electronic Check,No,0,0,0,2.0,0.0,1.0,3136,453.1764705882353,2,0,0,0.0254380272550292
C00243,28,33,1099,Two year,Credit Card,No,1,0,0,2.0,1.0,0.0,924,37.89655172413793,0,0,0,0.03
C00244,53,123,4561,One year,Bank Transfer,Yes,1,0,1,1.0,0.0,0.0,6519,84.46296296296296,2,1,1,0.026961858833844804
C00245,23,104,2991,Two year,Electronic Check,No,0,0,0,2.0,0.0,1.0,2392,124.625,1,0,0,0.034759358288770054
C00246,15,60,3032,Month-to-month,Bank Transfer,No,1,0,0,0.0,0.0,0.0,900,189.5,0,0,0,0.019782393669634024
C00247,43,130,6856,One year,Bank Transfer,No,0,0,0,1.0,0.0,0.0,5590,155.8181818181818,2,1,0,0.018958728306839725
C00248,60,48,4747,One year,Bank Transfer,No,1,0,0,1.0,0.0,0.0,2880,77.81967213114754,0,1,0,0.010109519797809604
C00249,48,79,3083,One year,Bank Transfer,Yes,1,0,1,1.0,0.0,0.0,3792,62.91836734693877,1,1,0,0.025616083009079117
C00250,58,90,3841,Two year,Electronic Check,No,1,0,0,2.0,0.0,1.0,5220,65.10169491525424,1,1,0,0.02342529932326913
C00251,24,48,1639,Month-to-month,Electronic Check,Yes,0,0,1,0.0,0.0,1.0,1152,65.56,0,0,0,0.02926829268292683
C00252,9,138,515,Two year,Credit Card,No,0,1,0,2.0,1.0,0.0,1242,51.5,2,0,0,0.26744186046511625
C00253,55,71,1965,Two year,Credit Card,Yes,1,0,1,2.0,1.0,0.0,3905,35.089285714285715,1,1,0,0.03611393692777213
C00254,26,182,3882,Month-to-month,Electronic Check,Yes,0,0,1,0.0,0.0,1.0,4732,143.77777777777777,2,0,0,0.0468709760494463
C00255,31,88,4230,Two year,Electronic Check,No,1,0,0,2.0,0.0,1.0,2728,132.1875,1,0,0,0.020798865516426377
C00256,29,178,7961,Two year,Electronic Check,Yes,0,0,1,2.0,0.0,1.0,5162,265.3666666666667,2,0,0,0.022356191911580003
C00257,65,30,6769,Month-to-month,Credit Card,No,0,0,0,0.0,1.0,0.0,1950,102.56060606060606,0,1,0,0.004431314623338257
C00258,50,120,1839,Two year,Credit Card,Yes,0,0,1,2.0,1.0,0.0,6000,36.05882352941177,1,1,0,0.06521739130434782
C00259,54,191,6674,Two year,Credit Card,No,1,0,0,2.0,1.0,0.0,10314,121.34545454545454,2,1,1,0.028614232209737828
C00260,31,85,1935,One year,Electronic Check,Yes,0,0,1,1.0,0.0,1.0,2635,60.46875,1,0,0,0.04390495867768595
C00261,49,41,7108,Two year,Bank Transfer,Yes,1,0,1,2.0,0.0,0.0,2009,142.16,0,1,0,0.005767337178224786
C00262,44,176,4069,Two year,Bank Transfer,No,0,0,0,2.0,0.0,0.0,7744,90.42222222222222,2,1,1,0.043243243243243246
C00263,1,39,2429,Month-to-month,Credit Card,Yes,1,1,1,0.0,1.0,0.0,39,1214.5,0,0,0,0.016049382716049384
C00264,71,156,812,One year,Credit Card,No,0,0,0,1.0,1.0,0.0,11076,11.277777777777779,2,1,1,0.1918819188191882
C00265,34,172,1619,Two year,Electronic Check,Yes,1,0,1,2.0,0.0,1.0,5848,46.25714285714286,2,0,0,0.10617283950617284
C00266,6,115,1677,Two year,Bank Transfer,Yes,1,0,1,2.0,0.0,0.0,690,239.57142857142858,1,0,0,0.06853396901072706
C00267,29,92,1792,Month-to-month,Credit Card,Yes,0,0,1,0.0,1.0,0.0,2668,59.733333333333334,1,0,0,0.051310652537646405
C00268,69,177,2153,Two year,Bank Transfer,No,0,0,0,2.0,0.0,0.0,12213,30.757142857142856,2,1,1,0.08217270194986072
C00269,19,63,1186,Two year,Electronic Check,No,1,0,0,2.0,0.0,1.0,1197,59.3,1,0,0,0.05307497893850042
C00270,43,81,7187,Two year,Credit Card,No,1,0,0,2.0,1.0,0.0,3483,163.3409090909091,1,1,0,0.011268781302170284
C00271,8,160,7182,Month-to-month,Bank Transfer,No,1,1,0,0.0,0.0,0.0,1280,798.0,2,0,0,0.022274815536683836
C00272,43,85,6192,One year,Credit Card,Yes,1,0,1,1.0,1.0,0.0,3655,140.72727272727272,1,1,0,0.013725173583077668
C00273,29,64,6131,One year,Electronic Check,Yes,0,0,1,1.0,0.0,1.0,1856,204.36666666666667,1,0,0,0.010437051532941943
C00274,67,142,1008,Month-to-month,Electronic Check,No,1,0,0,0.0,0.0,1.0,9514,14.823529411764707,2,1,1,0.14073339940535184
C00275,66,196,2989,Month-to-month,Electronic Check,No,0,0,0,0.0,0.0,1.0,12936,44.61194029850746,2,1,1,0.06555183946488294
C00276,49,94,4521,One year,Bank Transfer,Yes,1,0,1,1.0,0.0,0.0,4606,90.42,1,1,0,0.020787262273330383
C00277,58,174,1493,Two year,Credit Card,No,0,0,0,2.0,1.0,0.0,10092,25.305084745762713,2,1,1,0.11646586345381527
C00278,3,72,4282,One year,Credit Card,Yes,0,0,1,1.0,1.0,0.0,216,1070.5,1,0,0,0.016810646742937193
C00279,66,128,7087,One year,Electronic Check,No,1,0,0,1.0,0.0,1.0,8448,105.77611940298507,2,1,1,0.01805869074492099
C00280,57,43,6209,Two year,Bank Transfer,No,1,0,0,2.0,0.0,0.0,2451,107.05172413793103,0,1,0,0.006924315619967794
C00281,17,25,7759,Two year,Credit Card,No,1,0,0,2.0,1.0,0.0,425,431.05555555555554,0,0,0,0.0032216494845360823
C00282,18,158,7475,Two year,Electronic Check,Yes,0,0,1,2.0,0.0,1.0,2844,393.42105263157896,2,0,0,0.02113429641519529
C00283,2,56,7493,Month-to-month,Electronic Check,No,1,1,0,0.0,0.0,1.0,112,2497.6666666666665,0,0,0,0.007472644782492661
C00284,13,94,261,Month-to-month,Bank Transfer,Yes,0,0,1,0.0,0.0,0.0,1222,18.642857142857142,1,0,0,0.35877862595419846
C00285,26,171,6538,Two year,Credit Card,Yes,0,0,1,2.0,1.0,0.0,4446,242.14814814814815,2,0,0,0.026150787582199114
C00286,48,80,6186,Month-to-month,Electronic Check,Yes,1,0,1,0.0,0.0,1.0,3840,126.24489795918367,1,1,0,0.012930337805075158
C00287,11,60,627,One year,Electronic Check,No,0,0,0,1.0,0.0,1.0,660,52.25,0,0,0,0.09554140127388536
C00288,42,83,1173,One year,Bank Transfer,Yes,0,0,1,1.0,0.0,0.0,3486,27.27906976744186,1,1,0,0.0706984667802385
C00289,22,58,6472,One year,Electronic Check,No,1,0,0,1.0,0.0,1.0,1276,281.39130434782606,0,0,0,0.008960296616715588
C00290,57,123,5518,One year,Credit Card,Yes,1,0,1,1.0,1.0,0.0,7011,95.13793103448276,2,1,1,0.02228664613154557
C00291,63,177,5573,One year,Credit Card,Yes,0,0,1,1.0,1.0,0.0,11151,87.078125,2,1,1,0.031754574811625406
C00292,65,59,6420,Two year,Credit Card,No,0,0,0,2.0,1.0,0.0,3835,97.27272727272727,0,1,0,0.009188599906556611
C00293,13,140,727,One year,Bank Transfer,Yes,0,0,1,1.0,0.0,0.0,1820,51.92857142857143,2,0,0,0.19230769230769232
C00294,70,128,5423,Month-to-month,Bank Transfer,Yes,0,0,1,0.0,0.0,0.0,8960,76.38028169014085,2,1,1,0.02359882005899705
C00295,6,59,6657,Two year,Credit Card,No,0,0,0,2.0,1.0,0.0,354,951.0,0,0,0,0.008861519975968759
C00296,66,44,1995,One year,Electronic Check,Yes,0,0,1,1.0,0.0,1.0,2904,29.776119402985074,0,1,0,0.022044088176352707
C00297,15,163,4659,Month-to-month,Credit Card,No,0,0,0,0.0,1.0,0.0,2445,291.1875,2,0,0,0.034978540772532186
C00298,66,136,7139,Month-to-month,Bank Transfer,No,0,0,0,0.0,0.0,0.0,8976,106.55223880597015,2,1,1,0.01904761904761905
C00299,47,193,5219,Two year,Credit Card,No,1,0,0,2.0,1.0,0.0,9071,108.72916666666667,2,1,1,0.03697318007662835
C00300,26,93,3151,One year,Electronic Check,Yes,0,0,1,1.0,0.0,1.0,2418,116.70370370370371,1,0,0,0.02950507614213198
C00301,14,176,5655,One year,Credit Card,Yes,1,0,1,1.0,1.0,0.0,2464,377.0,2,0,0,0.031117397454031116
C00302,65,84,1193,Month-to-month,Electronic Check,No,1,0,0,0.0,0.0,1.0,5460,18.075757575757574,1,1,0,0.07035175879396985
C00303,58,128,7204,Month-to-month,Bank Transfer,Yes,0,0,1,0.0,0.0,0.0,7424,122.10169491525424,2,1,1,0.017765440666204026
C00304,21,179,840,One year,Bank Transfer,Yes,1,0,1,1.0,0.0,0.0,3759,38.18181818181818,2,0,0,0.21284185493460167
C00305,61,61,7474,Month-to-month,Credit Card,No,1,0,0,0.0,1.0,0.0,3721,120.54838709677419,1,1,0,0.008160535117056856
C00306,11,88,7410,One year,Credit Card,No,0,0,0,1.0,1.0,0.0,968,617.5,1,0,0,0.011874240993118337
C00307,20,107,2288,Two year,Bank Transfer,Yes,1,0,1,2.0,0.0,0.0,2140,108.95238095238095,1,0,0,0.04674530362603757
C00308,55,169,1513,Two year,Electronic Check,No,0,0,0,2.0,0.0,1.0,9295,27.017857142857142,2,1,1,0.11162483487450463
C00309,9,149,1431,Month-to-month,Electronic Check,No,0,1,0,0.0,0.0,1.0,1341,143.1,2,0,0,0.10405027932960893
C00310,41,98,7631,One year,Bank Transfer,Yes,0,0,1,1.0,0.0,0.0,4018,181.6904761904762,1,1,0,0.012840670859538784
C00311,58,72,6062,Month-to-month,Bank Transfer,No,0,0,0,0.0,0.0,0.0,4176,102.7457627118644,1,1,0,0.011875309252845126
C00312,61,177,5838,Month-to-month,Credit Card,Yes,1,0,1,0.0,1.0,0.0,10797,94.16129032258064,2,1,1,0.03031340983045042
C00313,32,100,7901,One year,Credit Card,Yes,0,0,1,1.0,1.0,0.0,3200,239.42424242424244,1,0,0,0.012655024044545684
C00314,46,192,169,Month-to-month,Bank Transfer,Yes,0,0,1,0.0,0.0,0.0,8832,3.595744680851064,2,1,1,1.1294117647058823
C00315,28,185,4320,One year,Credit Card,No,0,0,0,1.0,1.0,0.0,5180,148.9655172413793,2,0,0,0.042814163388104606
C00316,39,166,805,One year,Credit Card,No,1,0,0,1.0,1.0,0.0,6474,20.125,2,1,1,0.20595533498759305
C00317,61,99,6541,Month-to-month,Electronic Check,No,0,0,0,0.0,0.0,1.0,6039,105.5,1,1,0,0.015132986854173035
C00318,38,63,5531,Month-to-month,Electronic Check,No,1,0,0,0.0,0.0,1.0,2394,141.82051282051282,1,1,0,0.0113882863340564
C00319,34,90,7911,Month-to-month,Electronic Check,No,0,0,0,0.0,0.0,1.0,3060,226.02857142857144,1,0,0,0.011375126390293226
C00320,43,63,4351,Two year,Bank Transfer,Yes,0,0,1,2.0,0.0,0.0,2709,98.88636363636364,1,1,0,0.014476102941176471
C00321,25,156,3381,One year,Bank Transfer,No,1,0,0,1.0,0.0,0.0,3900,130.03846153846155,2,0,0,0.046126552335895916
C00322,52,60,2095,Two year,Bank Transfer,Yes,1,0,1,2.0,0.0,0.0,3120,39.528301886792455,0,1,0,0.02862595419847328
C00323,18,147,2845,Month-to-month,Bank Transfer,Yes,0,0,1,0.0,0.0,0.0,2646,149.73684210526315,2,0,0,0.05165144061841181
C00324,9,55,4064,Month-to-month,Bank Transfer,Yes,0,1,1,0.0,0.0,0.0,495,406.4,0,0,0,0.013530135301353014
C00325,57,80,177,One year,Credit Card,No,0,0,0,1.0,1.0,0.0,4560,3.0517241379310347,1,1,0,0.449438202247191
C00326,45,125,5533,One year,Credit Card,No,0,0,0,1.0,1.0,0.0,5625,120.28260869565217,2,1,0,0.02258764004336827
C00327,51,98,6795,Two year,Credit Card,Yes,1,0,1,2.0,1.0,0.0,4998,130.67307692307693,1,1,0,0.014420247204237787
C00328,57,115,7867,Month-to-month,Electronic Check,Yes,0,0,1,0.0,0.0,1.0,6555,135.63793103448276,1,1,1,0.014616166751398069
C00329,29,90,2039,One year,Credit Card,No,0,0,0,1.0,1.0,0.0,2610,67.96666666666667,1,0,0,0.04411764705882353
C00330,50,151,3525,One year,Electronic Check,Yes,0,0,1,1.0,0.0,1.0,7550,69.11764705882354,2,1,1,0.042824730572887125
C00331,25,180,6676,Two year,Electronic Check,No,1,0,0,2.0,0.0,1.0,4500,256.7692307692308,2,0,0,0.026958214767110977
C00332,55,84,4026,Month-to-month,Credit Card,Yes,0,0,1,0.0,1.0,0.0,4620,71.89285714285714,1,1,0,0.020859200397318103
C00333,31,40,7644,One year,Credit Card,No,0,0,0,1.0,1.0,0.0,1240,238.875,0,0,0,0.005232177894048398
C00334,11,185,7387,One year,Bank Transfer,Yes,0,0,1,1.0,0.0,0.0,2035,615.5833333333334,2,0,0,0.025040606388738496
C00335,43,70,1690,Month-to-month,Bank Transfer,No,1,0,0,0.0,0.0,0.0,3010,38.40909090909091,1,1,0,0.04139562389118864
C00336,18,188,2878,Month-to-month,Electronic Check,No,0,0,0,0.0,0.0,1.0,3384,151.47368421052633,2,0,0,0.06530045154567558
C00337,9,24,3090,Two year,Electronic Check,No,1,0,0,2.0,0.0,1.0,216,309.0,0,0,0,0.007764477515367195
C00338,6,161,458,Month-to-month,Electronic Check,Yes,0,1,1,0.0,0.0,1.0,966,65.42857142857143,2,0,0,0.35076252723311546
C00339,28,95,6110,One year,Electronic Check,No,1,0,0,1.0,0.0,1.0,2660,210.68965517241378,1,0,0,0.015545737195221732
C00340,4,20,5182,Two year,Bank Transfer,Yes,1,0,1,2.0,0.0,0.0,80,1036.4,0,0,0,0.0038587690526721975
C00341,68,46,7768,Month-to-month,Electronic Check,No,0,0,0,0.0,0.0,1.0,3128,112.57971014492753,0,1,0,0.005920967949543055
C00342,58,142,1452,One year,Credit Card,Yes,1,0,1,1.0,1.0,0.0,8236,24.610169491525422,2,1,1,0.09772883688919477
C00343,67,67,1052,Month-to-month,Electronic Check,Yes,1,0,1,0.0,0.0,1.0,4489,15.470588235294118,1,1,0,0.06362773029439696
C00344,32,80,2998,Two year,Electronic Check,Yes,1,0,1,2.0,0.0,1.0,2560,90.84848484848484,1,0,0,0.026675558519506502
C00345,65,29,3138,One year,Bank Transfer,No,1,0,0,1.0,0.0,0.0,1885,47.54545454545455,0,1,0,0.009238611022618668
C00346,10,89,6631,Month-to-month,Electronic Check,No,0,1,0,0.0,0.0,1.0,890,602.8181818181819,1,0,0,0.01341978287092883
C00347,65,178,4809,One year,Electronic Check,No,0,0,0,1.0,0.0,1.0,11570,72.86363636363636,2,1,1,0.03700623700623701
C00348,3,129,7607,Month-to-month,Bank Transfer,No,1,1,0,0.0,0.0,0.0,387,1901.75,2,0,0,0.01695583596214511
C00349,32,138,714,One year,Electronic Check,No,0,0,0,1.0,0.0,1.0,4416,21.636363636363637,2,0,0,0.193006993006993
C00350,54,181,6354,Month-to-month,Electronic Check,Yes,0,0,1,0.0,0.0,1.0,9774,115.52727272727273,2,1,1,0.028481510621557828
C00351,57,187,774,One year,Bank Transfer,Yes,0,0,1,1.0,0.0,0.0,10659,13.344827586206897,2,1,1,0.24129032258064517
C00352,34,38,7888,Month-to-month,Credit Card,Yes,1,0,1,0.0,1.0,0.0,1292,225.37142857142857,0,0,0,0.004816833565724426
C00353,6,137,4804,One year,Electronic Check,Yes,0,1,1,1.0,0.0,1.0,822,686.2857142857143,2,0,0,0.028511966701352757
C00354,7,54,1631,One year,Credit Card,Yes,1,0,1,1.0,1.0,0.0,378,203.875,0,0,0,0.03308823529411765
C00355,39,170,4762,Month-to-month,Electronic Check,No,0,0,0,0.0,0.0,1.0,6630,119.05,2,1,1,0.03569179088809574
C00356,44,68,1931,Two year,Bank Transfer,No,1,0,0,2.0,0.0,0.0,2992,42.91111111111111,1,1,0,0.035196687370600416
C00357,47,46,7361,One year,Credit Card,Yes,1,0,1,1.0,1.0,0.0,2162,153.35416666666666,0,1,0,0.006248302091822874
C00358,66,184,1534,Month-to-month,Electronic Check,Yes,0,0,1,0.0,0.0,1.0,12144,22.895522388059703,2,1,1,0.11986970684039087
C00359,46,119,656,Month-to-month,Bank Transfer,No,1,0,0,0.0,0.0,0.0,5474,13.957446808510639,1,1,0,0.1811263318112633
C00360,49,168,4471,Two year,Bank Transfer,Yes,1,0,1,2.0,0.0,0.0,8232,89.42,2,1,1,0.03756708407871199
C00361,45,118,4416,Two year,Bank Transfer,No,0,0,0,2.0,0.0,0.0,5310,96.0,1,1,0,0.026714964908308807
C00362,5,134,3651,One year,Credit Card,Yes,1,1,1,1.0,1.0,0.0,670,608.5,2,0,0,0.03669222343921139
C00363,30,138,1585,One year,Bank Transfer,Yes,0,0,1,1.0,0.0,0.0,4140,51.12903225806452,2,0,0,0.08701134930643127
C00364,48,53,7371,Two year,Credit Card,No,0,0,0,2.0,1.0,0.0,2544,150.42857142857142,0,1,0,0.007189365165491048
C00365,17,24,1389,One year,Bank Transfer,No,0,0,0,1.0,0.0,0.0,408,77.16666666666667,0,0,0,0.017266187050359712
C00366,17,124,1196,Month-to-month,Credit Card,No,1,0,0,0.0,1.0,0.0,2108,66.44444444444444,2,0,0,0.1035923141186299
C00367,33,101,2979,Two year,Credit Card,Yes,0,0,1,2.0,1.0,0.0,3333,87.61764705882354,1,0,0,0.03389261744966443
C00368,10,81,5158,One year,Electronic Check,Yes,1,0,1,1.0,0.0,1.0,810,468.90909090909093,1,0,0,0.015700717193254506
C00369,37,58,5083,Month-to-month,Credit Card,No,1,0,0,0.0,1.0,0.0,2146,133.76315789473685,0,0,0,0.011408339889850511
C00370,32,148,2526,Two year,Electronic Check,No,1,0,0,2.0,0.0,1.0,4736,76.54545454545455,2,0,0,0.05856747130985358
C00371,20,49,5058,One year,Electronic Check,No,1,0,0,1.0,0.0,1.0,980,240.85714285714286,0,0,0,0.009685708638070766
C00372,14,27,2388,Two year,Bank Transfer,Yes,0,0,1,2.0,0.0,0.0,378,159.2,0,0,0,0.011301799916282964
C00373,57,126,1514,Month-to-month,Bank Transfer,Yes,0,0,1,0.0,0.0,0.0,7182,26.103448275862068,2,1,1,0.08316831683168317
C00374,40,130,5612,One year,Electronic Check,Yes,1,0,1,1.0,0.0,1.0,5200,136.8780487804878,2,1,0,0.02316052022091573
C00375,29,20,4628,One year,Bank Transfer,Yes,1,0,1,1.0,0.0,0.0,580,154.26666666666668,0,0,0,0.004320587599913588
C00376,33,196,2107,One year,Bank Transfer,Yes,0,0,1,1.0,0.0,0.0,6468,61.970588235294116,2,0,1,0.09297912713472485
C00377,36,192,3483,One year,Electronic Check,No,0,0,0,1.0,0.0,1.0,6912,94.13513513513513,2,0,1,0.05510907003444317
C00378,31,181,4712,Two year,Bank Transfer,No,1,0,0,2.0,0.0,0.0,5611,147.25,2,0,0,0.03840441332484617
C00379,41,76,4187,Two year,Bank Transfer,No,1,0,0,2.0,0.0,0.0,3116,99.69047619047619,1,1,0,0.018147086914995225
C00380,21,180,3061,One year,Bank Transfer,No,0,0,0,1.0,0.0,0.0,3780,139.13636363636363,2,0,0,0.05878510777269758
C00381,68,67,2144,Two year,Credit Card,Yes,1,0,1,2.0,1.0,0.0,4556,31.07246376811594,1,1,0,0.031235431235431235
C00382,67,64,5558,One year,Credit Card,Yes,0,0,1,1.0,1.0,0.0,4288,81.73529411764706,1,1,0,0.011512862025544163
C00383,24,185,1550,Two year,Electronic Check,No,1,0,0,2.0,0.0,1.0,4440,62.0,2,0,0,0.11927788523533205
C00384,47,187,4343,One year,Bank Transfer,Yes,1,0,1,1.0,0.0,0.0,8789,90.47916666666667,2,1,1,0.04304788213627993
C00385,1,188,7165,Month-to-month,Bank Transfer,No,0,1,0,0.0,0.0,0.0,188,3582.5,2,0,0,0.026234998604521352
C00386,25,90,1649,Month-to-month,Credit Card,No,1,0,0,0.0,1.0,0.0,2250,63.42307692307692,1,0,0,0.05454545454545454
C00387,70,168,2375,One year,Bank Transfer,Yes,0,0,1,1.0,0.0,0.0,11760,33.45070422535211,2,1,1,0.0707070707070707
C00388,42,156,2302,Two year,Electronic Check,No,0,0,0,2.0,0.0,1.0,6552,53.53488372093023,2,1,1,0.06773773339122884
C00389,42,126,5532,Month-to-month,Credit Card,No,0,0,0,0.0,1.0,0.0,5292,128.65116279069767,2,1,0,0.02277245617205856
C00390,4,105,2534,Month-to-month,Electronic Check,Yes,0,1,1,0.0,0.0,1.0,420,506.8,1,0,0,0.04142011834319527
C00391,3,79,1299,One year,Credit Card,No,1,0,0,1.0,1.0,0.0,237,324.75,1,0,0,0.06076923076923077
C00392,56,147,253,Month-to-month,Credit Card,Yes,0,0,1,0.0,1.0,0.0,8232,4.43859649122807,2,1,1,0.5787401574803149
C00393,6,63,2156,Month-to-month,Credit Card,Yes,1,1,1,0.0,1.0,0.0,378,308.0,1,0,0,0.02920723226703755
C00394,22,65,1947,Month-to-month,Bank Transfer,Yes,1,0,1,0.0,0.0,0.0,1430,84.65217391304348,1,0,0,0.033367556468172486
C00395,61,116,6302,One year,Electronic Check,Yes,0,0,1,1.0,0.0,1.0,7076,101.64516129032258,1,1,1,0.018403934634301126
C00396,57,134,2241,Month-to-month,Electronic Check,Yes,1,0,1,0.0,0.0,1.0,7638,38.63793103448276,2,1,1,0.05976806422836753
C00397,5,39,3370,Month-to-month,Credit Card,Yes,0,1,1,0.0,1.0,0.0,195,561.6666666666666,0,0,0,0.01156926727973895
C00398,59,95,7232,Two year,Credit Card,Yes,1,0,1,2.0,1.0,0.0,5605,120.53333333333333,1,1,0,0.013134245817779621
C00399,62,159,446,One year,Bank Transfer,No,0,0,0,1.0,0.0,0.0,9858,7.079365079365079,2,1,1,0.35570469798657717
C00400,53,27,4429,Two year,Electronic Check,No,0,0,0,2.0,0.0,1.0,1431,82.01851851851852,0,1,0,0.006094808126410835
C00401,6,198,6427,Month-to-month,Credit Card,No,1,1,0,0.0,1.0,0.0,1188,918.1428571428571,2,0,0,0.030802738021157437
C00402,45,199,7564,Month-to-month,Credit Card,Yes,0,0,1,0.0,1.0,0.0,8955,164.43478260869566,2,1,1,0.026305353602115004
C00403,69,115,4730,One year,Credit Card,Yes,1,0,1,1.0,1.0,0.0,7935,67.57142857142857,1,1,1,0.024307757345170156
C00404,20,37,4631,Month-to-month,Electronic Check,No,0,0,0,0.0,0.0,1.0,740,220.52380952380952,0,0,0,0.007987910189982728
C00405,25,184,7662,Month-to-month,Credit Card,No,1,0,0,0.0,1.0,0.0,4600,294.6923076923077,2,0,0,0.02401148375309931
C00406,45,104,2541,Month-to-month,Electronic Check,No,1,0,0,0.0,0.0,1.0,4680,55.23913043478261,1,1,0,0.040912667191188044
C00407,3,75,3048,One year,Electronic Check,No,0,0,0,1.0,0.0,1.0,225,762.0,1,0,0,0.02459822892751722
C00408,5,44,7840,One year,Credit Card,No,0,0,0,1.0,1.0,0.0,220,1306.6666666666667,0,0,0,0.005611529141691111
C00409,48,46,6056,Month-to-month,Bank Transfer,No,0,0,0,0.0,0.0,0.0,2208,123.59183673469387,0,1,0,0.007594518738649496
C00410,48,149,7690,Month-to-month,Bank Transfer,Yes,1,0,1,0.0,0.0,0.0,7152,156.9387755102041,2,1,1,0.01937329345988818
C00411,23,134,4413,One year,Electronic Check,No,1,0,0,1.0,0.0,1.0,3082,183.875,2,0,0,0.03035795197100136
C00412,48,95,1168,One year,Bank Transfer,Yes,0,0,1,1.0,0.0,0.0,4560,23.836734693877553,1,1,0,0.08126603934987169
C00413,64,131,3127,Two year,Electronic Check,No,0,0,0,2.0,0.0,1.0,8384,48.10769230769231,2,1,1,0.041879795396419436
C00414,2,158,3460,Two year,Electronic Check,No,0,0,0,2.0,0.0,1.0,316,1153.3333333333333,2,0,0,0.045651545796012716
C00415,48,87,6197,One year,Credit Card,Yes,1,0,1,1.0,1.0,0.0,4176,126.46938775510205,1,1,0,0.014036786060019362
C00416,48,151,530,Two year,Credit Card,Yes,0,0,1,2.0,1.0,0.0,7248,10.816326530612244,2,1,1,0.2843691148775895
C00417,51,83,7409,Two year,Bank Transfer,Yes,0,0,1,2.0,0.0,0.0,4233,142.48076923076923,1,1,0,0.011201079622132253
C00418,59,183,4605,One year,Electronic Check,Yes,0,0,1,1.0,0.0,1.0,10797,76.75,2,1,1,0.039730785931393835
C00419,35,113,6754,Month-to-month,Bank Transfer,No,1,0,0,0.0,0.0,0.0,3955,187.61111111111111,1,0,0,0.016728349370836417
C00420,18,53,6260,Month-to-month,Bank Transfer,Yes,0,0,1,0.0,0.0,0.0,954,329.4736842105263,0,0,0,0.008465101421498164
C00421,39,146,3886,One year,Bank Transfer,Yes,1,0,1,1.0,0.0,0.0,5694,97.15,2,1,0,0.03756110110625161
C00422,14,158,1718,One year,Bank Transfer,No,1,0,0,1.0,0.0,0.0,2212,114.53333333333333,2,0,0,0.09191390343222804
C00423,5,172,2066,One year,Bank Transfer,No,1,0,0,1.0,0.0,0.0,860,344.3333333333333,2,0,0,0.08321238509917755
C00424,5,93,3720,Month-to-month,Credit Card,Yes,0,1,1,0.0,1.0,0.0,465,620.0,1,0,0,0.0249932813759742
C00425,52,47,7270,Two year,Electronic Check,Yes,0,0,1,2.0,0.0,1.0,2444,137.16981132075472,0,1,0,0.006464035208361986
C00426,54,61,1714,Month-to-month,Bank Transfer,No,1,0,0,0.0,0.0,0.0,3294,31.163636363636364,1,1,0,0.035568513119533525
C00427,34,191,4220,One year,Bank Transfer,Yes,0,0,1,1.0,0.0,0.0,6494,120.57142857142857,2,0,1,0.045249940772328835
C00428,3,178,1423,Month-to-month,Credit Card,Yes,1,1,1,0.0,1.0,0.0,534,355.75,2,0,0,0.125
C00429,36,169,7102,One year,Electronic Check,No,1,0,0,1.0,0.0,1.0,6084,191.94594594594594,2,0,1,0.02379276362100521
C00430,10,21,4968,One year,Electronic Check,No,1,0,0,1.0,0.0,1.0,210,451.6363636363636,0,0,0,0.004226202455222379
C00431,70,156,2011,Two year,Credit Card,Yes,0,0,1,2.0,1.0,0.0,10920,28.323943661971832,2,1,1,0.0775347912524851
C00432,62,116,2103,One year,Electronic Check,No,1,0,0,1.0,0.0,1.0,7192,33.38095238095238,1,1,1,0.055133079847908745
C00433,14,162,325,Two year,Credit Card,Yes,0,0,1,2.0,1.0,0.0,2268,21.666666666666668,2,0,0,0.49693251533742333
C00434,67,21,5850,Two year,Electronic Check,Yes,0,0,1,2.0,0.0,1.0,1407,86.02941176470588,0,1,0,0.0035891300632370535
C00435,8,152,499,Month-to-month,Electronic Check,No,0,1,0,0.0,0.0,1.0,1216,55.44444444444444,2,0,0,0.304
C00436,29,151,1329,Month-to-month,Bank Transfer,Yes,1,0,1,0.0,0.0,0.0,4379,44.3,2,0,0,0.11353383458646617
C00437,30,100,3098,Month-to-month,Electronic Check,No,0,0,0,0.0,0.0,1.0,3000,99.93548387096774,1,0,0,0.032268473701193935
C00438,68,93,3075,Month-to-month,Credit Card,Yes,0,0,1,0.0,1.0,0.0,6324,44.56521739130435,1,1,1,0.03023407022106632
C00439,46,76,5865,One year,Electronic Check,No,1,0,0,1.0,0.0,1.0,3496,124.7872340425532,1,1,0,0.012956017729287419
C00440,60,47,6373,Month-to-month,Credit Card,No,1,0,0,0.0,1.0,0.0,2820,104.47540983606558,0,1,0,0.007373705679322246
C00441,61,26,3471,One year,Credit Card,No,0,0,0,1.0,1.0,0.0,1586,55.983870967741936,0,1,0,0.007488479262672811
C00442,52,70,5784,Two year,Electronic Check,No,0,0,0,2.0,0.0,1.0,3640,109.13207547169812,1,1,0,0.012100259291270527
C00443,29,85,5965,Two year,Credit Card,No,0,0,0,2.0,1.0,0.0,2465,198.83333333333334,1,0,0,0.014247401944351324
C00444,59,126,6287,One year,Credit Card,No,1,0,0,1.0,1.0,0.0,7434,104.78333333333333,2,1,1,0.020038167938931296
C00445,58,150,5290,One year,Credit Card,No,1,0,0,1.0,1.0,0.0,8700,89.66101694915254,2,1,1,0.02835002835002835
C00446,8,168,7608,Two year,Credit Card,No,0,0,0,2.0,1.0,0.0,1344,845.3333333333334,2,0,0,0.02207911683532659
C00447,13,190,6568,Month-to-month,Electronic Check,Yes,1,0,1,0.0,0.0,1.0,2470,469.14285714285717,2,0,0,0.028923732683817933
C00448,50,190,6770,Month-to-month,Credit Card,No,1,0,0,0.0,1.0,0.0,9500,132.7450980392157,2,1,1,0.02806084773297888
C00449,59,165,7758,One year,Electronic Check,Yes,1,0,1,1.0,0.0,1.0,9735,129.3,2,1,1,0.021265627013790436
C00450,15,113,6537,Two year,Electronic Check,No,1,0,0,2.0,0.0,1.0,1695,408.5625,1,0,0,0.01728357295809116
C00451,64,57,5241,One year,Electronic Check,No,0,0,0,1.0,0.0,1.0,3648,80.63076923076923,0,1,0,0.010873712323540634
C00452,19,192,2908,One year,Credit Card,No,1,0,0,1.0,1.0,0.0,3648,145.4,2,0,0,0.06600206256445514
C00453,36,67,4566,Month-to-month,Electronic Check,No,1,0,0,0.0,0.0,1.0,2412,123.4054054054054,1,0,0,0.014670462010072258
C00454,68,24,3316,One year,Bank Transfer,No,0,0,0,1.0,0.0,0.0,1632,48.05797101449275,0,1,0,0.007235453723243895
C00455,10,34,5589,Month-to-month,Credit Card,No,0,1,0,0.0,1.0,0.0,340,508.09090909090907,0,0,0,0.006082289803220036
C00456,1,30,6242,Two year,Bank Transfer,No,0,0,0,2.0,0.0,0.0,30,3121.0,0,0,0,0.004805382027871216
C00457,31,160,5208,One year,Electronic Check,Yes,1,0,1,1.0,0.0,1.0,4960,162.75,2,0,0,0.030716068343252065
C00458,1,186,622,Two year,Electronic Check,Yes,1,1,1,2.0,0.0,1.0,186,311.0,2,0,0,0.2985553772070626
C00459,53,102,7501,Month-to-month,Credit Card,No,1,0,0,0.0,1.0,0.0,5406,138.90740740740742,1,1,0,0.013596374300186616
C00460,28,187,3207,One year,Electronic Check,Yes,0,0,1,1.0,0.0,1.0,5236,110.58620689655173,2,0,0,0.05829177057356608
C00461,49,80,3534,Month-to-month,Credit Card,No,1,0,0,0.0,1.0,0.0,3920,70.68,1,1,0,0.02263083451202263
C00462,40,158,4093,One year,Electronic Check,Yes,0,0,1,1.0,0.0,1.0,6320,99.82926829268293,2,1,1,0.03859306301905227
C00463,56,143,6530,One year,Bank Transfer,Yes,1,0,1,1.0,0.0,0.0,8008,114.56140350877193,2,1,1,0.02189557495023733
C00464,10,168,5667,One year,Electronic Check,Yes,1,1,1,1.0,0.0,1.0,1680,515.1818181818181,2,0,0,0.029640084685956247
C00465,63,125,6204,Month-to-month,Bank Transfer,No,0,0,0,0.0,0.0,0.0,7875,96.9375,2,1,1,0.020145044319097503
C00466,38,59,3970,One year,Credit Card,No,0,0,0,1.0,1.0,0.0,2242,101.7948717948718,0,1,0,0.014857718458826491
C00467,46,37,5635,Two year,Electronic Check,No,0,0,0,2.0,0.0,1.0,1702,119.8936170212766,0,1,0,0.006564939673527325
C00468,23,23,4012,One year,Electronic Check,Yes,1,0,1,1.0,0.0,1.0,529,167.16666666666666,0,0,0,0.00573137303762771
C00469,53,146,6760,One year,Bank Transfer,Yes,1,0,1,1.0,0.0,0.0,7738,125.18518518518519,2,1,1,0.02159443869250111
C00470,6,115,4534,Month-to-month,Bank Transfer,Yes,1,1,1,0.0,0.0,0.0,690,647.7142857142857,1,0,0,0.025358324145534728
C00471,2,194,5397,Month-to-month,Electronic Check,Yes,0,1,1,0.0,0.0,1.0,388,1799.0,2,0,0,0.03593923675435346
C00472,52,55,2628,Month-to-month,Credit Card,No,1,0,0,0.0,1.0,0.0,2860,49.58490566037736,0,1,0,0.02092050209205021
C00473,45,187,1946,One year,Electronic Check,Yes,0,0,1,1.0,0.0,1.0,8415,42.30434782608695,2,1,1,0.096045197740113
C00474,13,106,5999,Two year,Credit Card,No,1,0,0,2.0,1.0,0.0,1378,428.5,1,0,0,0.017666666666666667
C00475,19,82,7583,Month-to-month,Credit Card,Yes,0,0,1,0.0,1.0,0.0,1558,379.15,1,0,0,0.010812236286919831
C00476,44,24,6003,Two year,Credit Card,Yes,1,0,1,2.0,1.0,0.0,1056,133.4,0,1,0,0.003997335109926716
C00477,14,131,903,Two year,Electronic Check,Yes,1,0,1,2.0,0.0,1.0,1834,60.2,2,0,0,0.14491150442477876
C00478,29,117,3187,Two year,Electronic Check,Yes,1,0,1,2.0,0.0,1.0,3393,106.23333333333333,1,0,0,0.036700125470514426
C00479,32,59,4807,Month-to-month,Credit Card,No,1,0,0,0.0,1.0,0.0,1888,145.66666666666666,0,0,0,0.012271214642262895
C00480,11,160,4666,Two year,Credit Card,No,0,1,0,2.0,1.0,0.0,1760,388.8333333333333,2,0,0,0.03428326548103707
C00481,69,58,3105,One year,Electronic Check,Yes,0,0,1,1.0,0.0,1.0,4002,44.357142857142854,0,1,0,0.018673535093367676
C00482,32,199,5789,Month-to-month,Electronic Check,Yes,0,0,1,0.0,0.0,1.0,6368,175.42424242424244,2,0,1,0.034369602763385146
C00483,13,189,6302,Two year,Bank Transfer,No,0,0,0,2.0,0.0,0.0,2457,450.14285714285717,2,0,0,0.029985721085197526
C00484,27,147,7103,Two year,Credit Card,Yes,1,0,1,2.0,1.0,0.0,3969,253.67857142857142,2,0,0,0.020692567567567568
C00485,50,74,7599,Month-to-month,Credit Card,No,1,0,0,0.0,1.0,0.0,3700,149.0,1,1,0,0.009736842105263158
C00486,66,67,6774,Month-to-month,Bank Transfer,No,1,0,0,0.0,0.0,0.0,4422,101.1044776119403,1,1,0,0.00988929889298893
C00487,57,165,5425,Month-to-month,Credit Card,No,0,0,0,0.0,1.0,0.0,9405,93.53448275862068,2,1,1,0.03040914117213417
C00488,9,72,2417,Month-to-month,Electronic Check,Yes,1,1,1,0.0,0.0,1.0,648,241.7,1,0,0,0.02977667493796526
C00489,66,156,677,Month-to-month,Credit Card,Yes,0,0,1,0.0,1.0,0.0,10296,10.104477611940299,2,1,1,0.23008849557522124
C00490,56,52,4061,One year,Electronic Check,Yes,1,0,1,1.0,0.0,1.0,2912,71.24561403508773,0,1,0,0.012801575578532743
C00491,44,30,4695,One year,Credit Card,Yes,1,0,1,1.0,1.0,0.0,1320,104.33333333333333,0,1,0,0.006388415672913117
C00492,54,123,7652,Month-to-month,Electronic Check,No,1,0,0,0.0,0.0,1.0,6642,139.12727272727273,2,1,1,0.016072128577028617
C00493,2,114,5468,One year,Credit Card,Yes,1,0,1,1.0,1.0,0.0,228,1822.6666666666667,1,0,0,0.020844761382336808
C00494,68,128,2102,Month-to-month,Electronic Check,Yes,1,0,1,0.0,0.0,1.0,8704,30.463768115942027,2,1,1,0.060865430337612936
C00495,22,164,2339,One year,Credit Card,No,0,0,0,1.0,1.0,0.0,3608,101.69565217391305,2,0,0,0.07008547008547009
C00496,50,128,6970,Month-to-month,Credit Card,Yes,1,0,1,0.0,1.0,0.0,6400,136.66666666666666,2,1,1,0.018361784535934587
C00497,2,49,5917,Two year,Bank Transfer,No,1,0,0,2.0,0.0,0.0,98,1972.3333333333333,0,0,0,0.008279824264954376
C00498,46,198,2158,Month-to-month,Bank Transfer,No,0,0,0,0.0,0.0,0.0,9108,45.91489361702128,2,1,1,0.09170912459471978
C00499,1,185,5755,Two year,Credit Card,Yes,1,1,1,2.0,1.0,0.0,185,2877.5,2,0,0,0.03214037526059764
C00500,27,181,4292,Month-to-month,Bank Transfer,No,1,0,0,0.0,0.0,0.0,4887,153.28571428571428,2,0,0,0.04216165851385977
